consumer1,provider1
consumer2,provider2
consumer3,provider3
consumer4,provider4
consumer5,provider5
consumer6,provider6
consumer7,provider7
consumer8,provider8
consumer9,provider9
consumer10,provider10
consumer11,provider11
consumer12,provider12
consumer13,provider13
consumer14,provider14
consumer15,provider15
consumer16,provider16
consumer17,provider17
consumer18,provider18
consumer19,provider19
consumer20,provider20
consumer21,provider21
consumer22,provider22
consumer23,provider23
consumer24,provider24
consumer25,provider25
consumer26,provider26
consumer27,provider27
consumer28,provider28
consumer29,provider29
consumer30,provider30
consumer31,provider31
consumer32,provider32
consumer33,provider33
consumer34,provider34
consumer35,provider35
consumer36,provider36
consumer37,provider37
consumer38,provider38
consumer39,provider39
consumer40,provider40
consumer41,provider41
consumer42,provider42
consumer43,provider43
consumer44,provider44
consumer45,provider45
consumer46,provider46
consumer47,provider47
consumer48,provider48
consumer49,provider49
consumer50,provider50